Date,Close,High,Low,Open,Volume,ticker
2023-05-02,237.377197265625,243.01296348744427,237.1291438550172,241.2865062992217,24350100,META
2023-05-03,235.1844024658203,239.86765214917628,230.93772921497737,237.60540621704422,34463900,META
2023-05-04,231.70172119140625,236.3452735137011,231.11630366840006,234.22193704205742,17889400,META
2023-05-05,230.96749877929688,232.85269871171457,228.06031996962398,230.4317100547082,27000500,META
2023-05-08,231.4536590576172,233.78535181623081,228.47701840748957,229.61805793404758,16400500,META
2023-05-09,231.5529022216797,234.04336825414188,229.2807395505276,229.65778559464076,16865600,META
2023-05-10,231.26513671875,234.9065586409701,228.9235121283877,234.33107296351068,19119000,META
2023-05-11,233.95404052734375,236.35521078761784,230.49122471674158,231.23538492451843,20449000,META
2023-05-12,231.98947143554688,235.11495352176897,229.64784661240037,234.89666530723997,16161400,META
2023-05-15,237.00015258789062,238.38924563922228,233.4976396213384,235.07525568820336,20653200,META
2023-05-16,236.96046447753906,237.77407177480512,233.68615649688385,233.9540432740443,18163800,META
2023-05-17,240.6018829345703,241.94136221960335,236.28574768951486,236.59333148518962,21193100,META
2023-05-18,244.9279327392578,245.16605431320838,239.31200014059405,239.42114424198073,22943300,META
2023-05-19,243.7273712158203,246.75362601085467,241.5147389171471,245.54312409284094,21733600,META
2023-05-22,246.38648986816406,251.5956112987984,243.21139421750922,243.49914464158914,27738500,META
2023-05-23,244.8188018798828,249.65087751904687,244.72949114484263,244.8882489627154,17748100,META
2023-05-24,247.26956176757812,247.64659264626343,243.04272207618027,243.37015438607577,17724300,META
2023-05-25,250.7224578857422,253.6296364767489,247.22986176229892,251.4269210658252,22371400,META
2023-05-26,259.99969482421875,260.26758163108605,250.74233888741432,250.96061197968322,25727200,META
2023-05-30,260.4759216308594,266.5581962700264,259.25551819647967,263.18467584953015,23816500,META
2023-05-31,262.6588134765625,262.93663210305795,256.43764444041886,257.97556357281155,25473700,META
2023-06-01,270.4873046875,271.86649597151376,263.8196591105298,263.82956065505147,25609500,META
2023-06-02,270.4873046875,273.2059902375829,269.0089162785536,270.53693352991894,19416900,META
2023-06-05,269.27691650390625,273.42436290204057,267.4611483013033,268.1953768204094,20742900,META
2023-06-06,269.0089416503906,274.4165177871543,267.5900834945639,268.036591718684,19419000,META
2023-06-07,261.5475158691406,272.11458484922684,260.75372680643784,269.5546870369073,26163600,META
2023-06-08,262.5198669433594,265.5659700319198,256.86426746253426,258.5907094762658,20899400,META
2023-06-09,262.88702392578125,265.86366493518454,259.6623294989277,260.43625495017426,16949800,META
2023-06-12,268.9394836425781,269.6340452732035,263.2640206504683,265.0897203172627,15442500,META
2023-06-13,269.20745849609375,273.5731932089615,266.99481079654396,272.73973724122914,16164000,META
2023-06-14,271.22161865234375,272.8488333609741,266.23078499484023,269.77299514100963,19175100,META
2023-06-15,279.63555908203125,281.7787441952247,269.3066416531064,270.1797642281489,25973500,META
2023-06-16,278.81201171875,285.60868069386356,277.948790762136,282.53281258688276,43127700,META
2023-06-20,282.1160888671875,282.5824304857627,274.0692508402336,276.55971674793904,20701600,META
2023-06-21,279.447021484375,281.78863078326714,276.19253217277145,281.3222892323925,20556200,META
2023-06-22,282.66180419921875,283.0388501973206,275.62701368291556,276.90694737547614,17563100,META
2023-06-23,286.4818420410156,287.4145252422429,276.7779942979955,279.3180586775212,51092000,META
2023-06-26,276.3017578125,287.5336244711032,275.43853671466735,286.45211514209774,24232700,META
2023-06-27,284.81494140625,287.09705117182915,278.4647795384772,279.8142059678566,26108300,META
2023-06-28,283.068603515625,287.2954125192088,281.848169985602,282.6022619501645,16722100,META
2023-06-29,279.3379211425781,284.33868665809604,278.50446526998496,282.28479703637055,15395700,META
2023-06-30,284.7454833984375,286.7993426355483,282.20541888378625,282.542767890268,19694900,META
2023-07-03,283.79296875,287.14665610377796,282.6320956075144,284.46769711960735,8629300,META
2023-07-05,292.077880859375,295.7986814551919,284.1302410971252,285.41020498047294,33865500,META
2023-07-06,289.7164306640625,295.79870469399134,289.0417327035368,293.58608781168573,47600500,META
2023-07-07,288.26776123046875,293.893624596824,286.412326995765,289.90490730344555,25586000,META
2023-07-10,291.81005859375,295.8086786396994,284.8149337600443,293.2487503073784,37058300,META
2023-07-11,295.9674072265625,297.84267521035605,289.6271477024056,291.6115749292531,27585900,META
2023-07-12,306.9313659667969,307.04052521355806,297.7633215569858,299.4004680187438,36677100,META
2023-07-13,310.96966552734375,313.7776166697492,307.8739639648475,311.17802190329286,30281000,META
2023-07-14,306.4650573730469,312.4282717245608,304.9668049148223,309.36233485809737,23054100,META
2023-07-17,308.2013854980469,309.2828946951575,302.3373994520956,305.1453809142804,25323100,META
2023-07-18,309.6202697753906,311.75355343232627,305.22477039697566,308.4593967151567,20731900,META
2023-07-19,313.5494689941406,316.19866268368173,308.10219505234863,310.5926611922204,21763700,META
2023-07-20,300.1644592285156,313.0831001900084,299.86680724874,311.05897588766237,23836900,META
2023-07-21,291.96881103515625,303.0815862304324,288.93263955652174,302.1985317891098,42139300,META
2023-07-24,289.3393859863281,295.2033718464492,286.0551614764398,293.4769299160423,24915700,META
2023-07-25,292.1771545410156,295.97731949491924,289.5874611705835,292.89154957975995,19585600,META
2023-07-26,296.2452087402344,299.42027395208453,289.6271309972358,298.8448034126717,47256900,META
2023-07-27,309.2828674316406,322.8166743609135,307.4274329964879,322.58845435083214,64229200,META
2023-07-28,322.9457092285156,323.66010426666475,311.80313905459457,314.4126657950555,39220300,META
2023-07-31,316.1192321777344,323.12425717661716,315.11708683722975,321.1695953393681,25799600,META
2023-08-01,320.197265625,321.6161541887826,312.2099576770772,315.06753789734006,22817900,META
2023-08-02,311.8626708984375,315.9109195600562,308.23116529432224,315.5239417009489,20461100,META
2023-08-03,310.7513732910156,313.48989245918426,307.5167473332486,307.5167473332486,15180200,META
2023-08-04,308.31060791015625,315.9308026995158,307.784735802348,312.5076529449398,17612800,META
2023-08-07,314.0951232910156,314.60116189806973,308.04261449667547,310.79106544719536,16236500,META
2023-08-08,310.20562744140625,315.4147480522107,307.69529834496996,311.95190252247085,15183500,META
2023-08-09,302.8335266113281,311.1879790598838,300.4919168777885,310.4438188052483,19955800,META
2023-08-10,303.359375,309.90799078632176,301.5039404211993,305.54225702209254,14358900,META
2023-08-11,299.29132080078125,302.34732532437346,298.02125834115725,300.2140721691434,14046300,META
2023-08-14,303.8058776855469,303.82571105631087,295.9276994586192,298.63645342569663,15641900,META
2023-08-15,299.598876953125,304.8377629959797,297.69381371938107,303.75625391993054,11623600,META
2023-08-16,291.9985656738281,298.735674605063,291.988633847669,297.8625520218376,18547700,META
2023-08-17,282.87017822265625,293.7448310552386,282.73128406097686,290.76819018544745,23950100,META
2023-08-18,281.0445251464844,283.4655289505489,272.2435946407065,276.85738220141786,35347900,META
2023-08-21,287.64276123046875,288.23809553886474,279.6554526227014,281.24300068510377,20181500,META
2023-08-22,285.3606262207031,290.61934598241027,284.5172386377998,290.27206518004357,12980200,META
2023-08-23,291.94891357421875,295.08431211507826,285.43009337789294,286.25361732465876,18287000,META
2023-08-24,284.51727294921875,297.12830035290386,284.4081439787186,296.1757836977918,18360900,META
2023-08-25,283.2769775390625,286.1444893241868,273.8807137103689,283.9020769402463,23701400,META
2023-08-28,287.9999694824219,289.1807062538626,283.57467440628267,285.7575567433899,14239300,META
2023-08-29,295.6697082519531,296.8206796120224,285.93609567718016,286.3329750441115,20844500,META
2023-08-30,292.8022766113281,295.96744081980256,291.1452663656537,294.8561662914278,17717000,META
2023-08-31,293.58612060546875,298.75554540509034,293.35790055805364,293.49679472781526,17229900,META
2023-09-01,294.072265625,299.3905158783328,292.17713405399326,297.038974539007,12842300,META
2023-09-05,297.8128967285156,299.04326214464817,293.20904151317234,294.7072634122402,14956000,META
2023-09-06,296.840576171875,300.9383931826944,293.35789651003546,299.3607770852688,15418100,META
2023-09-07,296.34442138671875,304.65914513819365,289.9446321561456,295.6796250140112,33748700,META
2023-09-08,295.5705261230469,302.8732037411154,294.4691532729565,296.89015689806655,17548000,META
2023-09-11,305.1651916503906,306.6336785793563,298.9340918771399,299.06308448116476,19489300,META
2023-09-12,299.31121826171875,306.25671485522423,297.8923597962364,303.94483974660716,13480400,META
2023-09-13,302.6846923828125,304.78818046723666,298.97382303689284,300.00570342701496,13210900,META
2023-09-14,309.2928771972656,310.4339169753038,302.65496466211755,304.3516417282433,19343100,META
2023-09-15,297.9716491699219,309.5706280070703,296.4237984522829,309.18365018768327,28131100,META
2023-09-18,300.1941833496094,301.23602569617873,295.481169208335,295.8681470090487,14234200,META
2023-09-19,302.6946105957031,303.78605161305194,297.47555736362534,300.1247810021013,15924400,META
2023-09-20,297.336669921875,305.66132647870694,297.09851806182877,302.67475378193933,19379500,META
2023-09-21,293.4273376464844,297.92206402517564,290.98647039875095,293.39757244980257,21319600,META
2023-09-22,296.7512512207031,303.00221551221176,295.947560570074,296.9695394393899,25369600,META
2023-09-25,298.48760986328125,298.6067009327977,291.41315219064484,293.3380490350795,18987000,META
2023-09-26,296.6322021484375,297.9617648857279,293.7051898730457,295.3423364379203,19417200,META
2023-09-27,295.4216613769531,298.95393929645525,284.55694085285074,298.11058197811235,36429800,META
2023-09-28,301.5932312011719,303.9447725402208,294.38978120306416,296.61232993196177,22167100,META
2023-09-29,297.8724365234375,308.22124738927045,297.0290489070334,304.98662136210095,25373700,META
2023-10-02,304.43096923828125,304.7881515825602,299.2813784819107,300.3827209900587,16265600,META
2023-10-03,298.5967712402344,304.38136336068993,297.30690563751256,301.89092774805414,17362300,META
2023-10-04,303.2005920410156,304.51032114563077,296.1757336907266,296.40395369954626,16880500,META
2023-10-05,302.4168395996094,303.82576617835457,297.1680203445175,302.2580817648284,19130000,META
2023-10-06,312.9739074707031,313.8470602246019,298.5669778712355,299.0928498325672,21803900,META
2023-10-09,315.881103515625,317.8357654962619,309.392048448092,310.066746421115,22503700,META
2023-10-10,319.3340148925781,322.1320644548327,315.68267618606524,316.6351927442957,19038000,META
2023-10-11,325.26751708984375,326.2795642087612,320.435440997427,320.49497139971857,22036300,META
2023-10-12,321.6359558105469,327.9662832580327,320.17740064543665,325.4460523014571,20530500,META
2023-10-13,312.2397155761719,322.5190344437851,309.93777264367094,321.0108805983314,21341000,META
2023-10-16,318.6493835449219,319.3141799633307,313.0632162730603,316.15894806212225,16536100,META
2023-10-17,321.47723388671875,321.87411330466125,314.8293900863371,315.7025429737858,16387800,META
2023-10-18,314.501953125,323.4021105297396,313.1029282837248,318.8875506594912,16851000,META
2023-10-19,310.3743591308594,319.3836763111059,309.3226150513973,317.3893171227114,18709200,META
2023-10-20,306.2467346191406,312.8449492839968,304.08371614626304,311.6940081053693,22312300,META
2023-10-23,311.5650634765625,314.88895546604584,304.8676203599035,307.0901695712514,17796800,META
2023-10-24,310.1163635253906,315.8712208509296,308.2113302782834,314.31343815660597,19525500,META
2023-10-25,297.1977233886719,308.4593532359643,296.5130936168484,307.58620046726446,42192500,META
2023-10-26,286.10479736328125,292.703011741462,277.22447353914265,292.703011741462,66684100,META
2023-10-27,294.4195556640625,296.9794534570117,290.6888227974808,292.18707503953055,29596300,META
2023-10-30,300.3033752441406,306.9908852950392,296.7214683615975,296.7611653844392,28435100,META
2023-10-31,298.9241638183594,301.3154020955398,294.5484984510661,300.94828792866167,19434200,META
2023-11-01,309.42181396484375,310.3048683139882,299.4996780690973,299.4996780690973,20434600,META
2023-11-02,308.4494323730469,316.3375424870294,305.92920138835984,314.82935845841877,21631800,META
2023-11-03,312.150390625,313.0929753347785,308.5982491394363,310.11633466819546,16764300,META
2023-11-06,313.3410949707031,315.85139458572127,312.00163061151295,313.5197164612281,12887700,META
2023-11-07,316.3375549316406,318.50057336518654,312.6663524101526,314.59124926347897,14055600,META
2023-11-08,317.2900390625,318.8279579106293,312.4281988574953,315.6628246309264,13609700,META
2023-11-09,318.0540771484375,321.6558175852299,316.3177032404489,316.9329011458724,16103100,META
2023-11-10,326.2100830078125,326.53753048133314,316.9725760032875,317.4488494738817,19096200,META
2023-11-13,326.6268005371094,329.7423355253946,323.1639847295043,323.66009153425944,16908900,META
2023-11-14,333.6913757324219,335.46744667370785,330.73456810569553,331.93516844363756,17179400,META
2023-11-15,330.11944580078125,335.765144760248,327.4503882492599,335.29880306180473,14531200,META
2023-11-16,331.5878601074219,331.97480765966105,323.838674437655,326.8053833646593,18932600,META
2023-11-17,332.43121337890625,332.88762310209023,326.7855162457771,327.688434147696,14494400,META
2023-11-20,337.3229064941406,339.2081065446803,331.5879122865215,332.28247401670154,16960500,META
2023-11-21,334.3561706542969,337.2534175899777,333.28456294277595,335.6956348737611,12027900,META
2023-11-22,338.8310546875,340.2499433246193,335.943709119039,336.5688086095252,10702700,META
2023-11-24,335.5964050292969,339.1981148354986,334.14775142266285,337.4816047470225,5467500,META
2023-11-27,332.09393310546875,337.25342610918796,331.59782626203656,333.56238998285437,15684500,META
2023-11-28,336.3504943847656,336.7374722413347,330.80402373364524,330.80402373364524,12637200,META
2023-11-29,329.6133728027344,337.25339941898335,328.20441615570996,337.04504303961954,16024500,META
2023-11-30,324.6026916503906,330.9032544248157,319.88967678227107,329.305804972317,23146400,META
2023-12-01,322.29083251953125,324.31492648520225,318.2624476796763,322.9456971366447,15276400,META
2023-12-04,317.5281982421875,318.3616540663768,311.2177340247724,314.81947438356156,19037100,META
2023-12-05,315.8116760253906,319.37371922485295,312.93426263406553,316.49630583352786,16952100,META
2023-12-06,314.9782409667969,319.74085446043057,314.5714297293888,319.42333881953283,11294300,META
2023-12-07,324.04705810546875,325.684204601207,315.2957262890319,315.2957262890319,15905100,META
2023-12-08,330.1590881347656,330.57583118602076,320.48500516162073,320.5743007554703,14087400,META
2023-12-11,322.747314453125,327.32143596977244,317.5084266250109,326.83523060112793,25802500,META
2023-12-12,331.61761474609375,331.86566813423246,322.032828194819,322.0725252153085,18485500,META
2023-12-13,332.133544921875,335.7352848543165,330.04992074802453,331.329854390829,16353300,META
2023-12-14,330.57586669921875,332.09395251766085,326.08113964618735,331.25056477853514,19607300,META
2023-12-15,332.31219482421875,336.02306402754414,328.64099236363404,329.40498594080213,31776900,META
2023-12-18,341.9366760253906,344.85378668804714,334.3958459469585,334.85228604462384,18993900,META
2023-12-19,347.63189697265625,350.84668920728325,342.43270807708035,342.889117795101,17729400,META
2023-12-20,346.56036376953125,352.1961297303839,345.0819752003526,345.93526435895194,16369900,META
2023-12-21,351.3329162597656,353.6348591200321,346.49090896056947,350.2315736784916,15289600,META
2023-12-22,350.63836669921875,354.4186979641028,348.4852499373512,352.81128655167174,11772800,META
2023-12-26,352.067138671875,354.2004221377004,350.6979093378439,352.2258964816082,9898600,META
2023-12-27,355.0438232421875,356.20472662149,352.54345556056035,353.297547679764,13207900,META
2023-12-28,355.5299987792969,359.08211028758853,355.0239601332717,356.8992584473952,11798800,META
2023-12-29,351.20391845703125,357.19689709783825,349.0805970920824,356.19475166917226,14987100,META
2024-01-02,343.5936279296875,350.41012995956766,337.36252824234924,348.5844607184317,19042200,META
2024-01-03,341.7878723144531,345.2407870717122,340.50790809616456,342.29391101748917,15451100,META
2024-01-04,344.41717529296875,345.43915407584143,340.72613954007755,341.8175805411929,12099900,META
2024-01-05,349.2095642089844,350.7474830694431,343.56386679743633,344.2881632956087,13920700,META
2024-01-08,355.8673400878906,356.18485571303864,349.3087923232341,351.93818263654276,13890200,META
2024-01-09,354.6468811035156,357.83190839334617,352.5929917924932,353.6249023605358,13463900,META
2024-01-10,367.5853576660156,370.03612636295736,356.28403071762176,357.3655701410914,22117200,META
2024-01-11,366.7915954589844,369.8773650575961,360.1040555578914,369.2324323076566,17205400,META
2024-01-12,371.5740966796875,374.124093141166,366.6626570609986,367.277824706656,19310000,META
2024-01-16,364.5987854003906,372.685319838908,364.3705956613117,370.74058974438293,15306900,META
2024-01-17,365.5017395019531,365.670429146602,355.8177245328264,363.44784996748376,12724800,META
2024-01-18,373.20135498046875,373.91575007701977,368.0616951280388,368.59746874048204,16354300,META
2024-01-19,380.4642639160156,381.36715151960374,375.0269232463293,376.0489019004544,21670800,META
2024-01-22,378.8072814941406,387.310558740859,378.19211394834883,384.9292523171683,17680500,META
2024-01-23,382.2007141113281,385.35594628431977,379.10498205560805,381.62521323149974,15506100,META
2024-01-24,387.6578674316406,393.0654134087709,384.7903555799496,386.96330579643376,15698500,META
2024-01-25,390.1185607910156,392.4105719303832,382.65712494527804,387.13201825545184,15091100,META
2024-01-26,391.0711364746094,393.70049681924047,388.5409732796185,391.2794928807982,13163700,META
2024-01-29,397.8974609375,399.7925924230997,390.03914669643075,391.9144145321582,18742400,META
2024-01-30,396.94500732421875,403.19594147380514,396.45883230457235,400.4475204468842,18614700,META
2024-01-31,387.10223388671875,394.90101835810526,384.0858960218771,385.97109583241945,20180800,META
2024-02-01,391.7060852050781,397.38154822868097,389.98954477012256,390.87262941167637,29727100,META
2024-02-02,471.29150390625,482.1760877489695,449.48266948042186,456.0213531341314,84707600,META
2024-02-05,455.83282470703125,468.2255620956706,455.64430171258823,466.2213016515371,40832400,META
2024-02-06,451.1794128417969,463.4828566103552,449.47280407428997,460.3871547251005,21655200,META
2024-02-07,465.9336242675781,467.8485894270778,452.628035016413,454.4338712041085,23066000,META
2024-02-08,466.3403625488281,466.925764902263,461.4090600570604,464.67345107328936,18815100,META
2024-02-09,464.465087890625,469.90242925067935,463.8300869402288,469.26742830028314,18413100,META
2024-02-12,465.24896240234375,475.41915205194476,462.947019526659,464.5444992074422,19382000,META
2024-02-13,456.53729248046875,464.2468111211742,451.5464595493865,453.31259845215635,20916600,META
2024-02-14,469.5948486328125,470.4183725927847,462.4608304684062,464.2864998480657,16858400,META
2024-02-15,480.26116943359375,484.8154264310746,468.5431287071876,471.5793000388415,24212300,META
2024-02-16,469.634521484375,475.23059012184814,465.556508076683,474.3872025542275,23324600,META
2024-02-20,468.0767822265625,472.4722813616275,462.9271910394476,466.0625897590752,18015500,META
2024-02-21,464.8784484863281,465.84191805812145,458.68047616341727,463.3587521836112,12921800,META
2024-02-22,482.8565979003906,486.69059163885595,472.8543980185372,477.0062442785985,21625800,META
2024-02-23,480.77069091796875,491.0311185651113,479.10201079171736,484.7636105726592,18374300,META
2024-02-26,478.49615478515625,482.8665512765611,477.3638468302636,480.21451660164433,12101400,META
2024-02-27,483.7703857421875,483.9889055616532,476.68842180532044,476.74801536407614,10809600,META
2024-02-28,480.76080322265625,487.7434649649456,479.4993657776015,481.73421522969807,12715500,META
2024-02-29,486.8296813964844,488.389116970363,479.36029842457447,485.1510587006431,17732000,META
2024-03-01,498.917724609375,500.85460630743614,488.538108417028,488.79633708123947,16273600,META
2024-03-04,494.8354187011719,501.02347964142564,493.07734798440794,499.6130279349868,12324100,META
2024-03-05,486.9190368652344,492.24293001218,484.60473958064495,491.6668488599236,15325300,META
2024-03-06,492.7494812011719,499.58315827930903,490.9616139639747,494.2791198094029,11757900,META
2024-03-07,508.7410888671875,516.3494823533294,498.0038821618696,499.8910821445539,18586400,META
2024-03-08,502.5431823730469,520.0445327158662,495.98761761186836,510.72768838193537,18597100,META
2024-03-11,480.33367919921875,493.9712373423791,472.7947911045604,493.6633271933071,20428300,META
2024-03-12,496.3848876953125,498.9276472763487,481.46603715056744,489.9385984033987,15448200,META
2024-03-13,492.2330017089844,497.60657618383044,487.723564090034,492.0542210447472,12090700,META
2024-03-14,488.5181884765625,497.9741037778643,484.8729178506202,496.8914470652399,12620000,META
2024-03-15,480.84027099609375,488.5182008794358,478.05910688483056,485.71721266457956,29153600,META
2024-03-18,493.6335144042969,494.0705540169501,483.5319824334074,488.5976468076453,11755300,META
2024-03-19,492.8985290527344,493.28591751458134,478.03927158062527,484.8828919098991,10903100,META
2024-03-20,502.1159973144531,504.7779741854075,491.835714780714,496.13654476437773,11711100,META
2024-03-21,504.3409118652344,511.571859086068,502.60269582066724,511.2441248527766,9712500,META
2024-03-22,506.1486511230469,506.536039547684,500.94394517125465,503.58603728836357,8120600,META
2024-03-25,499.6328430175781,503.80457393392254,496.871563696633,502.38421028695126,8380600,META
2024-03-26,492.55084228515625,506.56581529176225,491.87539816091817,501.7286132388113,11205400,META
2024-03-27,490.5345153808594,496.5239406969625,484.78352491807254,495.93788686349995,9989700,META
2024-03-28,482.310302734375,489.57110826984064,481.88320544172586,489.5214267607809,15212800,META
2024-04-01,488.04144287109375,494.0804891364972,478.5358763202007,483.919393448101,9247000,META
2024-04-02,494.0208740234375,494.1798002750776,481.3865249828398,481.8335069600827,11081000,META
2024-04-03,503.3277893066406,503.82442249033096,495.3916007311355,495.57038140236386,12099200,META
2024-04-04,507.47967529296875,526.4311846012982,507.1419380470807,512.9426101041053,26476300,META
2024-04-05,523.7891235351562,527.1264840478417,510.94613579364227,513.3796505682054,19263300,META
2024-04-08,515.7536010742188,527.9111726495528,515.3960397041614,525.7160926076674,13260600,META
2024-04-09,513.41943359375,522.3290042268167,503.3278128790067,518.7134999304255,10863800,META
2024-04-10,516.32958984375,519.0411871916722,502.39403584687636,505.8605555247708,11418500,META
2024-04-11,519.63720703125,520.3325056145172,513.8067382940332,517.6010230992423,10369500,META
2024-04-12,508.45306396484375,516.6872509060779,505.9003620426098,514.2636784657437,11984500,META
2024-04-15,496.8616943359375,515.0384888193967,493.9315461414956,513.2406183198545,13512900,META
2024-04-16,496.39483642578125,501.3710805844467,493.7626561595775,494.75592258091154,9847900,META
2024-04-17,490.8424987792969,499.77195453488656,483.8598367935751,499.7123609723866,12193700,META
2024-04-18,498.4210510253906,508.76098785932845,495.67965646364473,496.4544030177161,14808700,META
2024-04-19,477.8306884765625,499.41434858815046,472.5266493809035,499.41434858815046,25215400,META
2024-04-22,478.4862365722656,488.69701401127566,470.2123104372898,486.4224254546389,17271100,META
2024-04-23,492.7594909667969,495.4015833562038,485.67749634188175,487.94214263107534,15079200,META
2024-04-24,490.1769714355469,506.56586713703933,481.317021755362,504.6389278841395,37772700,META
2024-04-25,438.407958984375,442.7683830214694,411.7089514448453,418.5624840192661,82890700,META
2024-04-26,440.3050842285156,443.433867420502,429.05135860219434,438.48738968690355,32691400,META
2024-04-29,429.7069091796875,436.7988458925218,425.67424998253733,436.60018048581003,21502600,META
2024-04-30,427.2734375,436.65978716345234,426.826455477513,428.1474865043682,18429500,META
2024-05-01,436.2326965332031,446.9301653347473,424.2340207892744,425.7140084185503,20344900,META
2024-05-02,438.70587158203125,440.9705176340693,429.3691740100177,435.88499880227045,15221300,META
2024-05-03,448.9167175292969,451.11185831252936,440.86134078784477,442.92732176443593,16489100,META
2024-05-06,462.5443115234375,463.02109033010055,450.28740721128406,452.512314351539,15094600,META
2024-05-07,465.0870666503906,468.3549217147275,458.2037375185185,463.150215285953,13406800,META
2024-05-08,469.417724609375,472.377639194553,459.8823607432109,460.378993962156,11683900,META
2024-05-09,472.21868896484375,472.87421806387255,464.481135815607,466.83517215291295,9437700,META
2024-05-10,472.9934997558594,474.2847340273294,466.43793506604857,473.87749114181366,10750000,META
2024-05-13,464.858642578125,470.1626818020876,459.7333840408823,469.56671586760143,14668800,META
2024-05-14,468.6726989746094,469.3580551308664,456.9819354918499,460.24979003132785,10478600,META
2024-05-15,478.2974853515625,479.25101255755794,468.02711495824536,471.7816605384409,13100500,META
2024-05-16,470.0434875488281,474.4734473766368,469.56670874605277,471.8015582324169,16608200,META
2024-05-17,468.7323303222656,469.6163216180006,465.2658404350713,467.65958568158874,10807300,META
2024-05-20,465.68304443359375,470.0137019704497,463.895176926725,466.78558596876275,11745100,META
2024-05-21,461.5013732910156,467.5305076270988,459.15724881960597,463.9745969325562,11742200,META
2024-05-22,464.6301574707031,470.5301623382244,462.51449517924743,464.71954780965524,10078600,META
2024-05-23,462.6435852050781,471.165796891298,458.43214570916444,469.6957821377868,11747900,META
2024-05-24,474.9998474121094,476.61887645447604,463.16009887613995,464.4712177669983,12024300,META
2024-05-28,476.6883850097656,477.6220274622316,471.64257513598284,473.3708488306615,10175800,META
2024-05-29,471.16583251953125,476.6188856395713,470.51030337355337,471.4638306252424,9226200,META
2024-05-30,463.9050598144531,468.5535696018269,461.5808200768087,468.4939760428169,10719600,META
2024-05-31,463.6865234375,465.9611118987805,451.3998233629331,462.66346029491183,16919800,META
2024-06-03,474.2747802734375,476.3705882132415,465.0870657511374,467.68941896049296,11279400,META
2024-06-04,473.7781066894531,475.6653370045295,470.04344582485936,473.78804905282203,7088700,META
2024-06-05,491.7264404296875,493.30573030037567,480.65152660799043,481.18789892832643,15690500,META
2024-06-06,490.43524169921875,499.4342331212912,487.5845718978277,489.6604950970564,10667300,META
2024-06-07,489.640625,495.5505725541797,486.86943340489194,492.57077317803936,9380700,META
2024-06-10,499.2156677246094,499.27526127994463,490.0875476500694,490.53449931508374,11220900,META
2024-06-11,504.0528564453125,504.18198591577544,494.91479425221536,496.7920821312561,9673700,META
2024-06-12,505.4136657714844,510.5488663402382,501.0730965012288,510.5289816127229,11983200,META
2024-06-13,500.7055358886719,505.9300958892043,497.9839656797022,502.3046800435352,9954600,META
2024-06-14,501.2624206542969,504.2352263741651,497.872015470044,499.76108944033547,10243300,META
2024-06-17,503.71820068359375,507.8145165497157,493.15924290347647,498.786716272725,11266600,META
2024-06-18,496.6192321777344,503.09182645286137,492.174921746173,501.66010025060115,13060400,META
2024-06-20,498.8164978027344,500.77517646661437,493.9148098546325,499.1147614196994,11801200,META
2024-06-21,491.9363098144531,500.55649337523585,489.5600618320149,500.55649337523585,22359200,META
2024-06-24,496.04254150390625,504.88143086237153,491.4490995948573,496.33088323813683,13525300,META
2024-06-25,507.6653747558594,507.77472797570107,492.65215468981233,494.193234056006,12063200,META
2024-06-26,510.1707763671875,510.85681293675657,501.7792838526738,503.73796225494675,8882300,META
2024-06-27,516.5738525390625,519.8747782877508,510.9464098062174,511.294373925033,10121200,META
2024-06-28,501.322021484375,518.8805251412638,500.94420066099576,514.1777300033583,15855100,META
2024-07-01,501.77935791015625,503.6684316425156,490.335531960126,502.0478255113692,10328200,META
2024-07-02,506.57171630859375,507.56596894119156,496.5794894878585,497.8819580091871,7739500,META
2024-07-03,507.02899169921875,508.34141226916296,503.11163445819557,503.459628898402,6005600,META
2024-07-05,536.806884765625,537.7613890905714,508.659626943001,508.659626943001,21354100,META
2024-07-08,526.27783203125,539.6902908773806,523.6231943865845,539.2329128015355,14917500,META
2024-07-09,526.953857421875,534.3908471604564,525.1542627135257,530.6823045262751,8753200,META
2024-07-10,531.6168823242188,535.782802810221,525.3232468812585,527.7392732226358,10983300,META
2024-07-11,509.7532958984375,532.3824937070442,505.44816535369097,527.8387522591509,16458300,META
2024-07-12,496.00274658203125,505.1697559706881,491.3894306970728,494.8991408562319,19750500,META
2024-07-15,493.3083190917969,503.7678443636743,490.53434614881763,495.7641239558454,12539200,META
2024-07-16,486.9749755859375,501.05359564218975,482.9979652991605,498.61766470466665,14075800,META
2024-07-17,459.3347473144531,476.41602998115064,456.4812472174527,476.41602998115064,28076600,META
2024-07-18,473.11505126953125,476.48555141727223,461.8700580864728,472.2699305884637,19267200,META
2024-07-19,474.0496520996094,483.91261978583464,472.97584242128886,473.32383686041453,15149400,META
2024-07-22,484.59869384765625,489.23191443908513,481.11880987205853,483.78339946267863,12023100,META
2024-07-23,485.88128662109375,492.3737546328562,484.9168604229217,487.024670998181,9455500,META
2024-07-24,458.6188659667969,473.5624806822974,457.93282927520823,469.5954226900346,17649700,META
2024-07-25,450.8040771484375,460.88578278239254,440.10590941212183,460.5974713733936,18240500,META
2024-07-26,463.0234375,467.0700224305545,456.7795325266989,461.5320586336811,14222400,META
2024-07-29,463.03338623046875,471.23597047064357,462.347349484825,467.1794330696992,11339600,META
2024-07-30,460.5278625488281,470.0130408141906,454.07517290776104,464.315962513696,11390400,META
2024-07-31,472.10089111328125,473.761306103278,464.06734443589716,468.31279159678667,24285800,META
2024-08-01,494.8793029785156,524.1401511076672,489.27173382544174,518.0056292651893,43083100,META
2024-08-02,485.3345031738281,498.269709518672,473.4133932666961,486.1895458886483,24044700,META
2024-08-05,472.99578857421875,480.7012460328518,448.2090488117456,448.7559059334732,21396200,META
2024-08-06,491.2502136230469,499.6715335038331,475.8989526100752,476.24694705318433,20955000,META
2024-08-07,486.1099548339844,507.2179163887547,484.06176673048657,500.2382746300819,20105300,META
2024-08-08,506.700927734375,507.02901772261134,491.87661869501426,494.6406395475425,16156800,META
2024-08-09,514.7941284179688,515.3608596163658,502.79349364561364,504.7919205071636,13696600,META
2024-08-12,512.984619140625,515.0427292166193,506.1739830538234,513.8893622667638,9767400,META
2024-08-13,525.502197265625,528.4452065274616,515.1719598564413,517.0212549519154,13743800,META
2024-08-14,523.7325439453125,530.9309235361922,520.1234019137161,525.0250602739767,11444200,META
2024-08-15,534.24169921875,536.6676776843767,523.6727905580083,528.73350167096,13482100,META
2024-08-16,524.3886108398438,530.5927364260666,521.6444643649328,528.8429030867464,14776700,META
2024-08-19,526.238037109375,528.6043024311272,519.7554908387405,523.8418543972291,9879700,META
2024-08-20,523.70263671875,528.0376240435813,522.8575463080886,525.3133210272216,7944400,META
2024-08-21,532.0841674804688,536.2998492635563,523.9014884202904,524.1202555369616,13423300,META
2024-08-22,528.8728637695312,541.1021605904808,525.5520935317122,533.9137325489054,15708300,META
2024-08-23,524.96533203125,536.7671046219766,522.0422271868836,533.834047542885,11323900,META
2024-08-26,518.1248779296875,524.9653402482775,511.99035675969463,524.5676149591942,9584000,META
2024-08-27,516.116455078125,520.9982688988101,512.3482599012927,515.9971496313474,6282700,META
2024-08-28,513.8098754882812,518.0951016645886,509.5047448414531,514.6947141610383,9106100,META
2024-08-29,515.2415771484375,524.1700071760439,512.7161972736417,516.0668238363469,8317400,META
2024-08-30,518.3139038085938,520.5310680440539,512.2390340101765,518.3536520726135,9157500,META
2024-09-03,508.8186950683594,522.4697631708141,505.69672749483755,516.6534100228187,12459100,META
2024-09-04,509.7930603027344,513.6209691624427,501.1729073895188,503.16141255787795,8335200,META
2024-09-05,513.8893432617188,518.6319472042396,508.2121698645864,508.7789010834829,8640900,META
2024-09-06,497.3947448730469,521.5650538628864,495.3863655135682,518.880559665027,14744500,META
2024-09-09,501.8887634277344,508.39115339074016,499.19431711601146,503.2508845942156,11047800,META
2024-09-10,501.8887634277344,511.22477928436297,497.15611148388973,505.23938973469745,9899000,META
2024-09-11,508.8883056640625,510.1709000409841,492.7516050439692,504.0960310908237,10782500,META
2024-09-12,522.5791625976562,523.6828291466688,512.25881535378,514.0783146741212,11970500,META
2024-09-13,521.604736328125,524.5477455442109,514.1378904204591,517.3493672277767,10321400,META
2024-09-16,530.720947265625,531.5369588305283,514.9171466899668,522.022837390722,9527600,META
2024-09-17,533.7462158203125,539.4984461028365,528.0238099822781,535.02004153394,11690800,META
2024-09-18,535.368408203125,541.5884146634684,531.3378561652726,534.4926264341286,10323500,META
2024-09-19,556.4169311523438,559.3727101138928,543.8973445888765,547.360625106574,15647000,META
2024-09-20,558.6560668945312,561.790974396656,553.630313904446,557.3125698177632,22066800,META
2024-09-23,561.7013549804688,571.2254355902388,559.7109530325689,566.7669546644623,12830700,META
2024-09-24,560.626708984375,565.0254812803894,551.5305554385482,563.960608707355,12993000,META
2024-09-25,565.582763671875,574.1116448246654,561.0147636623793,561.343197050028,16543400,META
2024-09-26,565.114990234375,574.6291098304922,559.6512854533856,572.967080344701,14400800,META
2024-09-27,564.6372680664062,568.1006091166316,561.8009692958777,567.3641092966835,9398400,META
2024-09-30,569.6929321289062,571.9221729211617,562.0895809864053,564.975688534177,12792300,META
2024-10-01,573.7034912109375,580.2419690688359,567.3640657014531,575.206254439428,15259300,META
2024-10-02,570.0611572265625,573.2358512630743,566.6078384594379,572.1013073959746,6524700,META
2024-10-03,579.9733276367188,580.5604622327534,566.0006662054095,567.4138954120452,11581000,META
2024-10-04,593.0801391601562,593.9857454241755,578.6397616460487,580.9287120013399,14169500,META
2024-10-07,581.9736328125,600.0564168211795,581.2371330959921,595.3490750867293,12014200,META
2024-10-08,590.0447998046875,590.7115675395601,583.1579643993507,586.8601441089934,7857400,META
2024-10-09,587.6762084960938,591.5375936051837,578.8188944511467,591.1394888701676,9529700,META
2024-10-10,581.0281982421875,587.3974479929923,579.7244874036023,584.7502401443048,7740400,META
2024-10-11,587.118896484375,588.3728595792917,579.9136502956993,582.0234717517561,8587100,META
2024-10-14,587.5866088867188,597.2201481215791,587.1288552616571,591.3683608695632,8252000,META
2024-10-15,583.4566040039062,587.7757430262925,577.3560160285689,587.3278903554623,9564200,META
2024-10-16,574.0220336914062,579.2866865055009,571.2753296162662,578.6099570311397,11268400,META
2024-10-17,574.161376953125,582.1627721197076,572.4396984468079,580.5306884411078,8701200,META
2024-10-18,573.7034912109375,581.1674987096003,572.4893751474343,578.3112766994918,7694300,META
2024-10-21,572.3997802734375,574.4698153606886,566.37882637357,573.2656610260642,8171900,META
2024-10-22,579.2169799804688,580.7297050326658,569.3744268963089,571.5339961936412,8544500,META
2024-10-23,560.9849243164062,582.1926578504655,559.8006325485245,577.1867670377931,14248400,META
2024-10-24,565.0552978515625,566.1499947416787,558.8253293775932,564.4083928532417,7184700,META
2024-10-25,570.4990844726562,578.500480205373,568.9763974895188,571.1758139955194,11337900,META
2024-10-28,575.3854370117188,580.948637846338,571.3648464645419,579.2070359341649,10925100,META
2024-10-29,590.4329223632812,590.8210046180449,572.6387223000493,577.3659274017436,13019100,META
2024-10-30,588.9599609375,598.3148749725009,586.5515914382872,598.0958991586175,26864900,META
2024-10-31,564.856201171875,587.0690948039123,560.3081253081026,582.1925856019707,26838400,META
2024-11-01,564.4381713867188,570.9169396034644,559.8602710921074,564.886023984338,15303200,META
2024-11-04,557.9893798828125,565.9609509043612,555.2127905097288,561.3929508469568,12064600,META
2024-11-05,569.6829833984375,570.7279324508698,563.9506150919713,564.577596671882,9775400,META
2024-11-06,569.3047485351562,570.2502016811582,552.5057499508582,560.0493909181008,18305400,META
2024-11-07,588.8605346679688,591.9456339468819,572.4496773656942,574.1216080144851,14653700,META
2024-11-08,586.5118408203125,590.2537459189086,581.7149642470737,588.70123463837,9415700,META
2024-11-11,580.3714599609375,584.1830975198795,573.7434467735926,583.5461541812385,10209100,META
2024-11-12,582.0134887695312,596.78223842264,577.5947936518803,585.7156075410013,16287700,META
2024-11-13,577.2166137695312,582.8295623160514,572.409775650482,579.8140739533536,10757600,META
2024-11-14,574.3901977539062,577.972957894817,570.2601499390961,574.2309923162492,11053700,META
2024-11-15,551.4210815429688,569.822341466235,548.8534455153184,568.4787834407424,17712900,META
2024-11-18,551.7395629882812,557.213169522918,547.4502482971927,554.3668479607893,14327300,META
2024-11-19,558.3974609375,558.7357953255338,547.9577494586872,549.2117126735113,9522400,META
2024-11-20,562.80615234375,563.6321255323566,551.5404684658788,560.2285547368579,9797300,META
2024-11-21,560.3878784179688,567.2646920813422,546.415214495865,566.7870149360606,11154700,META
2024-11-22,556.4567260742188,561.1242213982047,551.9285734744715,560.8455359497274,9164000,META
2024-11-25,562.3980102539062,569.8421548761189,553.7198868796414,559.402445590544,13599800,META
2024-11-26,570.7875366210938,574.7285542891422,562.4875946319524,563.2837432513497,10356600,META
2024-11-27,566.4684448242188,572.2206752566353,561.3928830685265,572.131141178584,7200200,META
2024-11-29,571.56396484375,575.6841124213988,564.1795888911156,566.2694871301925,7130500,META
2024-12-02,589.9849853515625,591.6469538996844,572.8078075515443,574.728538060669,12522400,META
2024-12-03,610.705078125,611.2524264908596,588.4125528817166,592.144556388366,14907200,META
2024-12-04,610.83447265625,614.8152764849832,602.1960748947224,610.0184005822902,14697000,META
2024-12-05,606.0077514648438,616.9251382698544,604.136768682784,614.1186640967649,8081200,META
2024-12-06,620.776611328125,626.7676806622193,605.609756240286,607.1721685184903,16935500,META
2024-12-09,610.6254272460938,623.3938718792108,603.2609162440416,620.9257323273526,11426000,META
2024-12-10,616.3479614257812,622.5878918502519,609.7995210855536,614.5963977457716,10938900,META
2024-12-11,629.6437377929688,635.3363188855899,618.5472835041938,620.3784192599069,10837200,META
2024-12-12,627.7628173828125,633.6046423977135,624.2000415346207,628.4694319605399,7474700,META
2024-12-13,617.3729858398438,628.051535081657,613.9296288656519,624.2100126233092,8453300,META
2024-12-16,621.7454833984375,628.6279045963112,616.1081279040426,627.4625362287662,10885600,META
2024-12-17,616.964599609375,629.842921517428,614.0761642573996,623.6676857660912,12897800,META
2024-12-18,594.8035278320312,624.8529462687603,593.9370093659079,618.5183765194273,17075500,META
2024-12-19,593.1900024414062,609.0762755305054,592.6222729689903,607.9507863504745,14958100,META
2024-12-20,582.9112548828125,600.699869104885,577.6822346553289,588.2199724400746,48989400,META
2024-12-23,597.4528198242188,598.6879155279142,583.9071932608068,587.2437814772281,10205800,META
2024-12-24,605.3213500976562,605.5603812991077,596.8852265249648,600.311421467438,4726100,META
2024-12-26,600.9389038085938,603.8771273499036,596.5465535400348,603.0603968908488,6081400,META
2024-12-27,597.4130249023438,599.4448507288726,587.4430173370732,597.0145990738104,8084200,META
2024-12-30,588.8772583007812,594.5544919388965,583.239903719799,586.3972186440706,7025900,META
2024-12-31,583.170166015625,591.5963188432811,581.5167657457517,589.9031610994577,6019500,META
2025-01-02,596.8453369140625,602.4926617179121,585.470989976871,587.3633608157467,12682300,META
2025-01-03,602.2138061523438,607.0643399858958,594.0266229827574,602.3432915147383,11436800,META
2025-01-06,627.6815795898438,628.4684006727375,603.1997902301983,609.384995443752,14560800,META
2025-01-07,615.4208374023438,629.5740132949604,605.7994061067093,629.175648227163,12071500,META
2025-01-08,608.2794189453125,613.976592361968,600.3811160103171,610.9487626580363,10085800,META
2025-01-10,613.3988647460938,627.3927055003096,594.9529163376031,607.592206559942,19256600,META
2025-01-13,605.8989868164062,606.5363830240626,596.058464764125,604.6738608485571,10785000,META
2025-01-14,591.8753051757812,603.0703790506547,586.198070906463,602.6520744429687,13598000,META
2025-01-15,614.65380859375,619.9724951874059,604.0762539890142,607.7714496616591,15524300,META
2025-01-16,608.8571166992188,613.7873477153851,607.2735046849263,609.0563296194044,8355300,META
2025-01-17,610.3212890625,622.4724872092602,601.2576176946507,621.5561807031561,17280600,META
2025-01-21,613.9965209960938,619.0163582351468,606.5762805693779,615.3610413311562,11674000,META
2025-01-22,621.0083618164062,631.1676126122295,616.954619104307,620.8091489005574,12274000,META
2025-01-23,633.9066772460938,634.0560413523201,618.6678301446317,624.8529752907019,9910200,META
2025-01-24,644.9025268554688,649.3945139716581,631.6656574969397,633.8568781379164,19065300,META
2025-01-27,657.2430419921875,661.2170877274049,622.601998034938,624.1059736130031,28399200,META
2025-01-28,671.63525390625,679.8522851881131,656.8345913596311,663.3385252994983,20950100,META
2025-01-29,673.7866821289062,678.3284575725552,663.0099124193205,672.3026460146747,21377800,META
2025-01-30,684.254638671875,707.9495481611209,673.3981724899843,694.0354036840853,29322900,META
2025-01-31,686.4259643554688,702.4815424501834,682.8403746118678,688.2386987585822,19303900,META
2025-02-03,694.6728515625,701.1866947109021,672.5515846641146,673.2089204422564,21415700,META
2025-02-04,701.3759155273438,704.8818683424153,688.846170752285,699.6926666804768,13826300,META
2025-02-05,702.05322265625,715.270213081664,696.2166547369433,700.7384902909668,17778200,META
2025-02-06,709.144775390625,716.0271960756166,700.6887123835558,703.0592064230789,13080700,META
2025-02-07,711.6646728515625,722.1127432544886,708.9057228017197,713.9355299622597,16427100,META
2025-02-10,714.5331420898438,718.317944327383,708.4873917995161,715.688479736199,12904300,META
2025-02-11,716.9235229492188,720.7680830266086,707.2025161364162,710.4694377796111,12998000,META
2025-02-12,722.481201171875,724.1942984329098,709.7522441351978,712.4414664040551,12016500,META
2025-02-13,725.6485595703125,726.0868036941785,715.170579657767,718.6367143797072,12569100,META
2025-02-14,733.72607421875,737.9491204423847,722.7202448085826,723.2381862179419,16901200,META
2025-02-18,713.5072021484375,734.0547643922138,703.6168921972339,733.0587606413424,21938700,META
2025-02-19,700.95751953125,704.174591919496,692.6110039461893,701.2861569713644,17535500,META
2025-02-20,692.0632934570312,702.8101523617008,690.8680767624129,694.4935451126314,12587400,META
2025-02-21,680.8184204101562,701.0572259638877,679.6331733954379,693.79637977263,15660400,META
2025-02-24,665.4600830078125,684.5236120270697,659.8027882150541,683.5375779038759,15677000,META
2025-02-25,654.8724975585938,665.3305374435599,639.2949835590877,663.3086205526677,20579700,META
2025-02-26,671.0078125,680.2806060030118,655.3705397430182,657.0139704281752,14488700,META
2025-02-27,655.6094970703125,685.8980050768483,654.9421915809927,679.7227696836991,12500000,META
2025-02-28,665.52978515625,666.9540633677159,640.0320501051021,655.4103519906419,17534200,META
2025-03-03,652.4322509765625,678.5275616526835,648.2391140524159,670.9878058928375,10843800,META
2025-03-04,637.4425048828125,647.1535430431367,621.1578652073862,642.9304961748887,21495200,META
2025-03-05,653.8465576171875,656.8644781827222,635.111729367083,638.4384086658453,13770000,META
2025-03-06,625.420654296875,647.9602249904791,621.6159125135576,645.4104577126469,13446500,META
2025-03-07,623.1597290039062,632.2532488274342,598.2098452417057,622.8709097782997,21375700,META
2025-03-10,595.600341796875,607.6719037832956,584.5247836759429,605.6400777825496,21999900,META
2025-03-11,603.2894897460938,612.4726156961103,590.9589577128245,592.6720550865267,17401500,META
2025-03-12,617.0841064453125,630.7990981033598,606.9148858522937,627.3828123944874,15747000,META
2025-03-13,588.2797241210938,618.0203842680918,584.1662233882897,617.771383307468,16480300,META
2025-03-14,605.7102661132812,606.9663570960139,592.9301914090029,600.9252068633762,12364500,META
2025-03-17,603.0187377929688,611.1931864721827,596.1401729971761,605.5707735579393,15473900,META
2025-03-18,580.5487670898438,598.3831413748485,572.8727029614505,598.1837512328132,20297700,META
2025-03-19,582.2435302734375,590.4778508331983,572.9824447250121,582.4628776976826,20537500,META
2025-03-20,584.1775512695312,608.3023019039958,577.7077447799743,580.947637342476,24336500,META
2025-03-21,594.3956298828125,595.6815960079244,579.1432258888485,581.6055148479699,25015900,META
2025-03-24,616.92529296875,620.6038191496141,610.2960116120224,613.0573552722462,15741300,META
2025-03-25,624.3621826171875,631.9086473292332,619.2481319746062,624.81079529283,15312500,META
2025-03-26,609.079833984375,624.8008087872727,604.7234295430264,622.9466079863333,12609800,META
2025-03-27,600.7059326171875,612.3396207064936,598.2336042918504,600.1277194388429,10436500,META
2025-03-28,574.9462890625,599.8785159717515,572.1350521556752,598.4429920373162,17602800,META
2025-03-31,574.5674438476562,576.9001929680891,551.57916536005,561.7474544327795,21124700,META
2025-04-01,584.1775512695312,588.0753644727768,568.2273109618308,569.0647253499337,12836600,META
2025-04-02,582.114013671875,590.8168445483201,571.5768782871228,573.1220457329204,13470800,META
2025-04-03,529.9666137695312,550.8414911032017,528.6507117752637,544.5211822460076,34777500,META
2025-04-04,503.1602783203125,516.3889970810194,492.6630283031205,505.0443845169023,38589800,META
2025-04-07,514.6444091796875,537.6924987241373,480.40123514295635,483.591294981514,36606100,META
2025-04-08,508.8624572753906,545.7274259918413,501.2960362271068,541.5604335468917,28034200,META
2025-04-09,583.9482421875,586.06164400195,500.54839536763654,507.68613102008703,39216600,META
2025-04-10,544.5909423828125,579.4920662876316,533.635132502997,573.7001386064724,28173500,META
2025-04-11,541.8795166015625,545.6976224228102,526.9461235413648,533.8445854574395,17642300,META
2025-04-14,529.8270874023438,556.0353649218339,526.6370880203747,554.4403043855114,14130900,META
2025-04-15,519.8981323242188,536.2670503486098,515.890614744966,530.4551641641592,15558700,META
2025-04-16,500.747802734375,511.7734034642656,494.08858497853294,506.92853277097964,18735100,META
2025-04-17,499.9203796386719,505.72225598652767,496.4611703190648,503.67864377215466,14593500,META
2025-04-21,483.15264892578125,491.9651517419281,478.30774832896276,489.80188733411177,16166000,META
2025-04-22,498.7240905761719,505.30357016721007,484.84736943102456,490.3402426542842,17399400,META
2025-04-23,518.6519775390625,533.6751170758674,514.9136400551463,526.8862986388891,18173900,META
2025-04-24,531.491943359375,532.2396108812093,515.8905900656315,517.1167453309313,13910000,META
2025-04-25,545.5679321289062,548.1498427880772,534.5821864218168,545.0993622560148,17098900,META
2025-04-28,548.0302124023438,556.7529985261549,538.9087068486405,553.9118868125302,15179000,META
2025-04-29,552.7156372070312,554.8390175563454,542.4277261633298,544.3018840382675,11835000,META
2025-04-30,547.2925415039062,547.392206153298,527.8531889368276,536.725533164549,29244000,META
2025-05-01,570.430419921875,591.1059077397648,568.7257162038675,590.238618351305,31159000,META
2025-05-02,595.1632080078125,602.4604491374204,576.5313339553563,581.6453838419038,24739300,META
2025-05-05,597.40625,601.3339987723356,586.2211133050413,589.3812373579714,13887700,META
2025-05-06,585.4833374023438,594.1762479701976,584.755627329539,590.6871337214591,10600700,META
2025-05-07,594.953857421875,601.2043765510581,584.8453792561588,588.5239054125428,13139100,META
2025-05-08,596.1502075195312,609.3988539126512,594.7645157959997,604.4044252029665,14622800,META
2025-05-09,590.6472778320312,605.0822238866388,589.8697353618245,601.8423317625629,10427300,META
2025-05-12,637.4413452148438,638.3983814888618,619.0986063028438,628.9578018482097,21965100,META
2025-05-13,653.98974609375,658.8644917290795,640.8307865245315,643.5323193603671,18570800,META
2025-05-14,657.3093872070312,660.6090907304957,652.275104788711,659.1536702462474,12348200,META
2025-05-15,641.8775024414062,655.2657270968772,636.5939979037247,652.2451822041022,14341800,META
2025-05-16,638.3485717773438,638.4482364395845,624.2027001902264,635.9759687007765,18519000,META
2025-05-19,638.438232421875,641.0002469311114,625.8475073073743,626.2961199602966,9592400,META
2025-05-20,635.1185913085938,637.3615937967512,630.2936778074568,634.0320152877193,6743500,META
2025-05-21,633.5235595703125,644.5989922480402,628.2101191307713,629.8250759728282,11464600,META
2025-05-22,634.5902099609375,641.2494271811771,628.7484497588706,632.078027946325,8228400,META
2025-05-23,625.1098022460938,630.4830536161486,620.7135443903518,622.0593214688579,8454100,META
2025-05-27,640.3223266601562,641.0799727179783,630.7820830337338,633.4337833907804,9508400,META
2025-05-28,641.5784301757812,648.8557144048555,640.5516043549418,640.6014366817531,9042900,META
2025-05-29,643.0438842773438,651.288184072806,637.5111569296643,649.6233948044612,8858800,META
2025-05-30,645.4762573242188,647.3902689717587,630.8120452521741,640.501786260345,16241000,META
2025-06-02,668.8134765625,671.166122188044,642.256314296396,642.3859148545713,15766300,META
2025-06-03,664.7760620117188,673.4789529536675,662.9617757833167,669.3617924489035,11585000,META
2025-06-04,685.8104248046875,686.857147039673,666.4906935079915,667.238360939457,14031900,META
2025-06-05,682.4907836914062,692.2204392102127,680.1281594087234,689.5088669424362,13083100,META
2025-06-06,695.5401000976562,700.6242144400436,689.7182360915449,694.0048506531133,11728000,META
2025-06-09,691.9014282226562,702.9968181048444,691.7818062976731,696.2877682898165,12773200,META
2025-06-10,700.2155151367188,701.0428899746662,689.4092014623567,699.1687320280228,10850100,META
2025-06-11,691.981201171875,706.6653705943312,689.8378634515371,701.5214452489874,9582500,META
2025-06-12,691.2035522460938,693.2172892731859,684.8633472153633,691.143741287137,7322700,META
2025-06-13,680.7462158203125,692.409840070813,678.8920151692206,685.8104336581752,9274400,META
2025-06-16,700.4749145507812,705.4931583928874,691.8851025594383,697.6914734952734,13720300,META
2025-06-17,695.5963745117188,704.3158869977019,694.4291328649981,700.3552179138009,10066100,META
2025-06-18,694.1398315429688,699.9462025997926,693.2718748228809,696.5441581244662,10068300,META
2025-06-20,680.7511596679688,700.1755711266569,677.0797895921414,699.10807093925,22538600,META
2025-06-23,696.8933715820312,697.4121118139869,677.1596869463602,682.0881149489193,11080100,META
2025-06-24,710.5313110351562,711.5189816994163,700.4649253469852,703.2384409706419,13823200,META
2025-06-25,707.0194702148438,714.9009839215107,703.7272146901875,711.6486127508716,9320400,META
2025-06-26,724.3887329101562,726.5136861086672,709.3839340058294,712.686175943774,13964800,META
2025-06-27,731.9111328125,733.7069032905775,724.1593181930845,724.8178059334097,18775700,META
2025-06-30,736.3606567382812,746.1476691378697,732.5296271967599,742.8054817668852,15402100,META
2025-07-01,717.5348510742188,736.0214648412638,713.6938959127618,735.1535081071979,13431200,META
2025-07-02,711.8980712890625,718.6122830220947,711.1298559583659,713.6539572494278,9336700,META
2025-07-03,717.3253784179688,727.3219211703462,712.7461059372963,724.9075473573512,8601700,META
2025-07-07,716.6668701171875,725.29662738586,711.8382444141125,715.9186273791692,9457100,META
2025-07-08,718.9814453125,721.2161872254258,713.1351899702655,719.8793609595846,7770700,META
2025-07-09,731.0631103515625,735.8019810021477,721.0266226856489,721.0266226856489,11418000,META
2025-07-10,725.5360107421875,734.0759515650559,717.9138972384281,729.8359096434607,9913600,META
2025-07-11,715.8289184570312,723.4609583411119,708.037219345619,720.807217385224,10873900,META
2025-07-14,719.2308349609375,726.2942632522581,714.8710789388857,715.9186065632238,8939400,META
2025-07-15,708.7255249023438,722.7724907094275,708.1568531421487,722.2038798413794,11529500,META
2025-07-16,701.2630004882812,712.2970836136572,697.6315755690009,711.6985138171127,13067600,META
2025-07-17,699.7665405273438,704.2460714207873,695.4766277838654,702.7395996705828,11803300,META
2025-07-18,702.6298828125,703.0588680042227,690.0294703606638,700.5447529444856,12779800,META
2025-07-21,711.2994384765625,715.3200251684316,704.1063709182977,705.1439122135475,9404400,META
2025-07-22,703.1586303710938,714.9209845240272,699.7665722015134,714.5119719450398,8921100,META
2025-07-23,711.9080810546875,712.9556086996904,703.2783238666914,704.7149523459423,8771600,META
2025-07-24,713.125244140625,721.9245865914077,712.3271306824367,715.3699724936158,10920800,META
2025-07-25,711.0101318359375,718.9614892126135,710.2319910963464,715.2401874661052,8271700,META
2025-07-28,715.9485473632812,723.0418735196432,711.010133382621,713.5242483310619,8715700,META
2025-07-29,698.35986328125,722.7724995594365,698.270047363426,718.3130022321428,13267000,META
2025-07-30,693.5811157226562,706.8399547738821,689.5805015781577,706.4309422136296,27077300,META
2025-07-31,771.6278076171875,782.9113054874113,763.7163951695271,773.3836936232736,38831100,META
2025-08-01,748.2527465820312,764.2052724882252,743.5637464392476,758.9476005405788,19028700,META
2025-08-04,774.5509643554688,775.029820232538,756.6330226185955,758.2193240496142,15801700,META
2025-08-05,761.6712036132812,781.2950989411861,761.212259491104,774.6307577641016,11640300,META
2025-08-06,770.18115234375,771.8273106109475,758.678199773599,768.1958248249329,9733900,META
2025-08-07,760.0449829101562,773.1841074016191,757.7702959207965,771.6776357205837,9019700,META
2025-08-08,767.4974975585938,768.0961282780016,756.8026440305783,760.9628565603988,7320800,META
2025-08-11,764.0755615234375,771.6478049440495,762.8783609453131,768.2757194135389,7612000,META
2025-08-12,788.1489868164062,791.8103707559926,770.6201469797736,771.1888187456735,14563100,META
2025-08-13,778.2523193359375,793.5962894533881,776.4066172801486,789.2963900548351,8811800,META
2025-08-14,780.2974243164062,785.9641084064921,770.6999694623344,776.0573823379099,8116200,META
2025-08-15,783.3901977539062,794.3843975355859,778.9905571139482,782.3127720209482,13375400,META
2025-08-18,765.572021484375,773.9922487170201,754.7873521125813,773.2739649293972,16513700,META
2025-08-19,749.7192993164062,765.3725408429555,747.6042712449723,765.3226701689615,12286700,META
2025-08-20,745.968017578125,748.4422481947564,729.2872227778392,745.8184055724877,11898200,META
2025-08-21,737.3682250976562,743.7532539146816,731.392269728463,742.965126847803,8876300,META
2025-08-22,753.021484375,755.1265868650723,732.6693186706706,737.4979443181139,10612700,META
2025-08-25,751.5350341796875,757.1019774988098,748.372478420576,753.0514923621954,6861200,META
2025-08-26,752.3331298828125,753.1013452690629,746.187589469264,749.0408739151204,7601800,META
2025-08-27,745.62890625,752.3830637406979,741.0995653139147,750.5373617239242,8315400,META
2025-08-28,749.3501586914062,751.2856157691724,739.0643171271723,742.2568318080029,7468000,META
2025-08-29,736.96923828125,745.3894657992533,733.6270507950396,743.5338383928589,9070500,META
2025-09-02,733.3875732421875,734.2755025264773,720.0389186102121,724.3388175548104,9350900,META
2025-09-03,735.3230590820312,738.5155735710689,732.2702311831985,734.2755314397929,7699300,META
2025-09-04,746.8959350585938,759.3765729399474,744.0725487076684,746.8161054490425,11439100,META
2025-09-05,750.68701171875,756.1741251448537,743.2844139282448,750.8565963566639,9663400,META
2025-09-08,750.537353515625,764.7140814935753,750.2580412178338,754.2286966166499,13087800,META
2025-09-09,763.9059448242188,764.5045146420852,751.6646744655906,755.715159278882,10999000,META
2025-09-10,750.2180786132812,763.9059640843684,749.2403942554,763.3372922969834,12478300,META
2025-09-11,749.1406860351562,755.3261108896929,746.6165845282627,752.8818998869256,7923300,META
2025-09-12,753.8196411132812,755.7949823874058,742.0173423532742,746.9756681630587,8248600,META
2025-09-15,762.9083251953125,772.2563664766384,750.2280827190908,755.6952236302711,10533800,META
2025-09-16,777.1748046875,779.5292605984961,763.3073480005289,765.2029206615051,11782500,META
2025-09-17,773.9024658203125,781.4547366857648,764.5145401578408,778.16248073438,9400900,META
2025-09-18,778.4218139648438,786.9318567440129,771.5479431530769,778.9206424262118,10955000,META
2025-09-19,776.5562744140625,788.9471575257752,767.3878039844694,784.5774149162842,23696800,META
2025-09-22,763.8824462890625,784.4181095052566,763.1935958899483,780.5445827585347,11706900,META
2025-09-23,754.1387939453125,769.3133669851754,749.8160063356215,767.9656453445465,10872600,META
2025-09-24,759.3899536132812,759.8392144671293,751.2735837511626,756.2352564498105,8828200,META
2025-09-25,747.6595458984375,755.5064686568031,743.3068402529434,752.1920046258563,10591100,META
2025-09-26,742.5081787109375,750.6745134518627,736.1188402620083,748.7477432379202,9696300,META
2025-09-29,742.1588134765625,749.5264964028529,737.9159094495395,747.4698773667765,9246800,META
2025-09-30,733.15380859375,741.729431724798,725.0872827303901,741.0106631587118,16226800,META
2025-10-01,716.142333984375,720.6447527663656,709.0142405229949,720.2853684573676,20419600,META
2025-10-02,725.8360595703125,726.5548890984803,716.9409630753169,721.3735522103992,11415300,META
2025-10-03,709.3735961914062,729.7794705550638,708.9942257916973,728.4117628788885,16154300,META
2025-10-06,714.465087890625,715.6830826309072,689.3571155710283,704.0125981338592,21654700,META
2025-10-07,711.889404296875,717.3003375901077,704.5716259627259,716.5216106896504,12062900,META
2025-10-08,716.6414794921875,718.4484549738279,706.6281969142439,712.2587946669486,10790600,META
2025-10-09,732.2852783203125,732.2852783203125,711.2504512938121,717.0807271377935,12717200,META
2025-10-10,704.1223754882812,734.0423674154782,703.333716456913,729.6995938834806,16980100,META
2025-10-13,714.5050048828125,718.7379155876384,706.4584651360833,711.8194939498104,9251800,META
2025-10-14,707.4668579101562,714.3553010671379,698.1624113283383,706.5983153422467,8829800,META
2025-10-15,716.3519287109375,722.6913629779451,708.3253746524584,715.8627565899488,10246800,META
2025-10-16,710.881103515625,724.2786798244232,702.7047754671785,716.3519343648386,9017000,META
2025-10-17,715.7229614257812,717.3402516818879,704.9410060739878,705.8994251244851,12232400,META
2025-10-20,730.947509765625,732.5448748734839,718.9775387090459,719.9858621042338,8900200,META
2025-10-21,732.0457153320312,737.2669635645257,727.5332426508437,734.7911237948646,7647300,META
2025-10-22,732.1854248046875,739.3634223567747,722.8211423130082,732.6047674176828,8734500,META
2025-10-23,732.7744750976562,741.170406509876,731.8759534115667,733.4733185275871,9856000,META
2025-10-24,737.1271362304688,739.9724141089259,729.9292138570585,735.5597503675807,9151300,META
2025-10-27,749.56640625,754.4881675999588,746.7611003830549,748.4781993498117,11321100,META
2025-10-28,750.1853637695312,757.1337649704751,744.2752651341964,751.3733793283152,12193800,META
2025-10-29,750.4149780273438,757.8924628078227,741.2702985772319,753.4898526523095,26818600,META
2025-10-30,665.357177734375,679.8230352249238,649.0844057389726,668.0327566076506,88440100,META
2025-10-31,647.2674560546875,673.7631824593219,644.4921293755289,673.383812052831,56953200,META
2025-11-03,636.645263671875,658.2291607688485,635.1177890022415,654.90470367213,33003600,META
2025-11-04,626.2725830078125,640.6684891460408,624.9647727272926,626.9913515895119,27356600,META
2025-11-05,634.88818359375,641.1576663615418,625.4938610947797,631.2542465797685,20219900,META
2025-11-06,617.9065551757812,634.938067569805,616.9681222612256,634.7882936522686,23628800,META
2025-11-07,620.6719360351562,621.0912176885568,600.1961723842201,615.4606203242017,29946800,META
2025-11-10,630.7051391601562,633.9397194755629,617.0779066438014,630.0362749426478,19245000,META
2025-11-11,626.0330200195312,628.5088598168925,618.3558571038752,626.9514668906089,13302200,META
2025-11-12,607.9931640625,627.939784558569,606.7552442025384,627.0812350986922,24493300,META
2025-11-13,608.8717041015625,616.6187572691151,601.993193452889,612.0463872625083,20973800,META
2025-11-14,608.4424438476562,612.6553687237855,594.2062431482154,600.7852061056304,20724100,META
2025-11-17,601.0048217773438,610.6686515784111,594.4058732487083,608.0230519623859,16501300,META
2025-11-18,596.6920776367188,602.6520806612418,582.8053290854997,590.612218909938,25500600,META
2025-11-19,589.3343505859375,594.3359951431619,580.2794874440681,592.7286370493186,24744700,META
2025-11-20,588.1663818359375,605.7069934113463,582.376016746667,602.4923987587222,20603000,META
2025-11-21,593.2578125,597.1213460929463,580.88848479756,587.517412968027,21052600,META
2025-11-24,612.0264282226562,615.6703584886146,596.6321908004635,597.7203367937327,23554900,META
2025-11-25,635.15771484375,635.9863461070595,617.2676517847817,622.9581470454041,25213000,META
2025-11-26,632.5521240234375,637.2941935276676,630.575449286631,636.6253292062765,15209500,META
2025-11-28,646.8681640625,646.9679727244463,634.4389389877349,635.0179876534709,11033200,META
2025-12-01,639.7999877929688,644.2425701847634,636.6951949252638,638.482184375183,13029900,META
2025-12-02,646.01953125,646.7882651016448,637.0046400682228,641.2675300698932,11640900,META
2025-12-03,638.5321044921875,647.766660764867,636.4855393427306,643.3340713166507,11134300,META
2025-12-04,660.4254760742188,674.9710950003275,658.9479057878542,674.8712863431018,29874600,META
2025-12-05,672.2955932617188,673.5634922785046,661.2840414153883,662.8913386215002,21207900,META
2025-12-08,665.6866455078125,675.5801331063639,663.9595535520253,668.2224435191038,13161000,META
2025-12-09,655.8630981445312,663.3705005924867,652.2491473204041,662.6617250742562,12997100,META
2025-12-10,649.0444946289062,653.4171862971667,642.3257510862366,648.8648024836247,16910900,META
2025-12-11,651.6202392578125,654.1859556266841,639.7300904007725,642.2159232785478,13056700,META
2025-12-12,643.1543579101562,709.8128965395189,637.543746077992,648.7150654102267,14016900,META
2025-12-15,646.9561157226562,652.4414097008485,638.1536544261938,645.1476664750544,15549100,META
2025-12-16,656.587890625,661.973233609148,642.6498114209788,642.9495426008936,14309100,META
2025-12-17,648.9443969726562,660.664343241777,648.644665798819,655.0491556477624,15598500,META
2025-12-18,663.881591796875,669.9863502083882,655.8984367998282,656.4679564970005,20260300,META
2025-12-19,658.2064819335938,670.4260003995075,657.6169598101359,665.8499012351181,49977100,META
2025-12-22,660.9341430664062,673.0038267300547,656.0883162216827,661.0840391473547,15659400,META
2025-12-23,664.3711547851562,665.4302455294139,657.6868755551602,659.4853234816244,8486800,META
2025-12-24,666.9789428710938,667.6084088263418,661.633543835896,661.9632786179176,5627500,META
2025-12-26,662.7225952148438,668.3777877623371,660.7543096382171,667.4885344385556,7133800,META
2025-12-29,658.1265258789062,659.6851889371151,653.8302165118,657.4471149030659,8506500,META
2025-12-30,665.3803100585938,671.6449047754843,657.2772625792347,658.1265110341435,9187500,META
2025-12-31,659.5253295898438,664.4311023248911,658.8758612620638,664.1813161961976,7940400,META
2026-01-02,649.8535766601562,663.8216588672108,642.9495146869224,662.1630447721155,13726500,META
2026-01-05,658.2264404296875,663.9715218041853,647.1959061445123,650.4531272549772,12213700,META
2026-01-06,660.0548706054688,664.9507033148827,651.3423593634897,659.0057810200069,11074400,META
2026-01-07,648.1350708007812,658.5861445899717,644.2583851266311,655.0791375151089,12846300,META
2026-01-08,645.50732421875,646.5464125947736,635.1761427603,645.3274855180696,11921700,META
2026-01-09,652.5013427734375,654.3897406244424,642.3000548798136,644.8878661181845,11634900,META
2026-01-12,641.4207763671875,653.4105105723186,640.6814191818085,651.9718010113269,14797200,META
2026-01-13,630.5501708984375,641.720599826752,623.5660991574318,641.720599826752,18030400,META
2026-01-14,614.9934692382812,627.9124008742662,614.2940558608916,625.9640568168747,15527900,META
2026-01-15,620.2689208984375,623.6360331340583,613.7045339245012,617.9508982377323,13076100,META
2026-01-16,619.7194213867188,628.5418850412981,619.5495838845379,623.6460522405506,17012500,META
2026-01-20,603.6032104492188,610.8770121629093,599.4867397151437,607.3600037753715,15169600,META
2026-01-21,612.4356689453125,617.7411240978843,599.5666821865381,606.2209580964126,14494700,META
2026-01-22,647.0759887695312,660.0049216653568,626.0140046136898,628.811597152667,21394700,META
2026-01-23,658.1964721679688,665.9198400091174,643.8987161260534,644.2184496993522,22797700,META
2026-01-26,671.7847900390625,674.7023359243682,660.7242529636108,664.5609947255355,16327400,META
2026-01-27,672.394287109375,676.2410302656567,664.0913982323968,674.0129574053085,13297400,META
2026-01-28,668.1578979492188,677.1002536346601,665.5301429727417,673.9229813666298,25709600,META
2026-01-29,737.6784057617188,743.363540655783,711.9404325537852,736.7991536844581,59852900,META
2026-01-30,715.8870849609375,731.5436633097714,712.9796010924755,726.8776752394725,23744600,META
2026-02-02,705.8056640625,720.6829408229889,702.9181827036907,713.9886602426056,14365200,META
2026-02-03,691.1082763671875,716.3866205151361,685.8227628297016,706.7648539132639,13760700,META
2026-02-04,668.417724609375,688.2407799622291,666.8890651090074,687.1416843315144,16882800,META
2026-02-05,669.63671875,680.9170392363125,652.9409906690098,663.0123852284637,17131800,META
2026-02-06,660.8941650390625,671.4151252649915,645.9469408650316,664.920685797671,18159300,META
2026-02-09,676.640625,682.7254419812133,658.2164585284562,662.6126578425271,14837500,META
2026-02-10,670.1461791992188,680.0677378888336,669.216982119095,677.0202983345941,10455800,META
2026-02-11,668.1179809570312,678.6889475196376,656.5378686274887,673.4234361526849,14323800,META
2026-02-12,649.254150390625,675.421749916193,644.7280570616384,669.3968787035581,14960100,META
2026-02-13,639.2227172851562,650.872715705495,634.0271535178357,644.5481137374378,12336400,META
2026-02-17,638.7431030273438,642.0502690775812,628.2620863630333,638.952945338547,12674700,META
2026-02-18,642.6697387695312,644.4482453696517,627.6126838179015,633.2578140286595,14649200,META
2026-02-19,644.2284545898438,646.6363661317032,636.1752909436037,638.0237449576674,10035700,META
2026-02-20,655.09912109375,662.7825455010891,638.2336163631846,639.1428111159805,14183500,META
2026-02-23,636.7048950195312,657.1374142434245,635.455964272141,651.9817939677475,8605900,META
2026-02-24,638.7531127929688,640.5615620292823,628.4419334902003,632.5384628258726,10135600,META
2026-02-25,653.1307983398438,653.3206382422114,641.5906910720822,641.9803720795121,11330700,META
2026-02-26,656.447998046875,660.4345752110744,646.9461232211356,649.9935020296807,10637700,META
2026-02-27,647.62548828125,648.8844201349368,637.5740968396581,642.8995542116262,15703000,META
2026-03-02,653.0009155273438,659.3754626922687,633.9572226725116,636.6149203669017,9816100,META
2026-03-03,654.5196533203125,658.4762268569145,638.293554979916,647.7354225434952,12263800,META
2026-03-04,667.1587524414062,672.1944798634893,657.1073609851721,657.397151925757,10810100,META
2026-03-05,660.0049438476562,670.1262833419206,649.7537106790966,661.363765843265,13341400,META
2026-03-06,644.308349609375,648.9143914185428,635.5658346648192,647.3457881163396,13159400,META
2026-03-09,646.836181640625,647.195859029807,626.2438278402449,634.2369839533108,13489700,META
2026-03-10,653.510498046875,659.7351492208539,648.444827744844,653.0009245574777,9859300,META
2026-03-11,654.2998046875,658.5561703533895,647.8053649208291,654.1999146227295,8977200,META
2026-03-12,637.6340942382812,652.9409968457168,636.355220859953,648.1950599902964,11617500,META
2026-03-13,613.1849975585938,628.6317326131165,609.0285222575777,623.3562813254467,18957600,META
2026-03-16,627.4500122070312,634.75,623.0999755859375,632.0,15134900,META
2026-03-17,622.6599731445312,636.5499877929688,621.7000122070312,627.989990234375,10348800,META
2026-03-18,615.6799926757812,622.6500244140625,614.6099853515625,616.3400268554688,11726300,META
2026-03-19,606.7000122070312,613.0,602.260009765625,612.1500244140625,13247700,META
2026-03-20,593.6599731445312,603.9600219726562,587.25,603.530029296875,21214900,META
2026-03-23,604.0599975585938,608.6400146484375,599.010009765625,605.7899780273438,13638000,META
2026-03-24,592.9199829101562,601.0,591.0,599.0999755859375,10739700,META
2026-03-25,594.8900146484375,603.6699829101562,593.4000244140625,598.739990234375,12585000,META
2026-03-26,547.5399780273438,583.0,543.3499755859375,582.489990234375,35780100,META
2026-03-27,525.719970703125,543.5999755859375,520.260009765625,540.0999755859375,30133000,META
2026-03-30,536.3800048828125,539.5499877929688,528.5399780273438,536.3800048828125,22795200,META
2026-03-31,572.1300048828125,573.6900024414062,546.77001953125,549.97998046875,32898300,META
2026-04-01,579.22998046875,592.5499877929688,573.8200073242188,580.1300048828125,23608100,META
2026-04-02,574.4600219726562,578.5,559.7000122070312,566.0399780273438,13518500,META
2026-04-06,573.02001953125,582.7899780273438,572.0,577.6900024414062,9515700,META
2026-04-07,575.0499877929688,575.22998046875,564.760009765625,572.47998046875,9580800,META
2026-04-08,612.4199829101562,629.9500122070312,591.8300170898438,606.0,32036600,META
2026-04-09,628.3900146484375,637.5,623.0,626.969970703125,19012900,META
2026-04-10,629.8599853515625,638.5800170898438,624.3300170898438,634.469970703125,13294800,META
2026-04-13,634.530029296875,635.0,624.4000244140625,629.5,9538900,META
2026-04-14,662.489990234375,666.260009765625,639.3699951171875,643.219970703125,17818000,META
2026-04-15,671.5800170898438,678.5,664.219970703125,667.0,14952600,META
2026-04-16,676.8699951171875,677.5800170898438,667.75,675.989990234375,9544800,META
2026-04-17,688.5499877929688,691.52001953125,675.1300048828125,678.5999755859375,16283500,META
2026-04-20,670.9099731445312,683.3800048828125,668.0,681.3599853515625,12534000,META
2026-04-21,668.8400268554688,676.2000122070312,667.3300170898438,671.0,8660100,META
2026-04-22,674.719970703125,678.3800048828125,669.75,674.3599853515625,9215600,META
2026-04-23,659.1500244140625,669.5599975585938,653.0499877929688,663.7000122070312,11667000,META
2026-04-24,675.030029296875,680.6699829101562,653.8400268554688,660.3200073242188,13348300,META
2026-04-27,678.6199951171875,682.5,670.8400268554688,671.0,12805200,META
2026-04-28,671.3400268554688,678.1799926757812,665.6300048828125,674.239990234375,10606800,META
2026-04-29,669.1199951171875,674.25,663.8099975585938,668.9099731445312,18947500,META
2026-04-30,611.9099731445312,620.8499755859375,600.0,619.3200073242188,52765000,META
2026-05-01,608.75,618.8800048828125,606.1099853515625,614.6900024414062,21357400,META
